,bird_species,bird_english_name,bird_generic_name,bird_song_url,bird_song_name
0,chinchipensis,Chinchipe Spinetail,Synallaxis,https://xeno-canto.org/36065/download,SPChinchipe_FL 3Jul06 between Jaen_SanIgnacio.mp3
1,dorbignii,Moss-backed Sparrow,Arremon,https://xeno-canto.org/692727/download,XC692727-211202_4652_1.mp3
2,chinchipensis,Chinchipe Spinetail,Synallaxis,https://xeno-canto.org/296852/download,XC296852-ChinchipeSpinetail_Peru_061915_song.mp3
3,chinchipensis,Chinchipe Spinetail,Synallaxis,https://xeno-canto.org/296851/download,XC296851-ChinchipeSpinetail_Peru_061915_call.mp3
4,chinchipensis,Chinchipe Spinetail,Synallaxis,https://xeno-canto.org/27768/download,ChinchipeSpinetailEdwards.mp3
5,chinchipensis,Chinchipe Spinetail,Synallaxis,https://xeno-canto.org/763551/download,XC763551-Synallaxis-chichipensis_Jaen_MixPre-1816.wav
6,dorbignii,Moss-backed Sparrow,Arremon,https://xeno-canto.org/692726/download,XC692726-211203_4690.mp3
7,dabbenei,Yungas Sparrow,Rhynchospiza,https://xeno-canto.org/494097/download,XC494097-RhynchospizadabbTape11Salta.mp3
8,dorbignii,Moss-backed Sparrow,Arremon,https://xeno-canto.org/351193/download,"XC351193-160907_10_Saffron-billed Sparrow_Refugio Los Volcanes, Santa Cruz_6 Sep 2016 - trimmed.mp3"
9,dabbenei,Yungas Sparrow,Rhynchospiza,https://xeno-canto.org/288810/download,XC288810-Aimophila_strigiceps25Oct2015_0707hrs.mp3
10,chinchipensis,Chinchipe Spinetail,Synallaxis,https://xeno-canto.org/230215/download,XC230215-Chinchipe Spinetail B 5361.mp3
11,chinchipensis,Chinchipe Spinetail,Synallaxis,https://xeno-canto.org/230214/download,XC230214-Chinchipe Spinetail B 5360.mp3
12,chinchipensis,Chinchipe Spinetail,Synallaxis,https://xeno-canto.org/230213/download,XC230213-Chinchipe Spinetail B 5359.mp3
13,chinchipensis,Chinchipe Spinetail,Synallaxis,https://xeno-canto.org/230211/download,XC230211-Chinchipe Spinetail B 5362.mp3
14,chinchipensis,Chinchipe Spinetail,Synallaxis,https://xeno-canto.org/122189/download,XC122189-20110515-0632-1087-PE-CJ-Jaen-Necklaced Spinetails.mp3
15,dabbenei,Yungas Sparrow,Rhynchospiza,https://xeno-canto.org/49729/download,SPARROW Stripe-capped_13_Lozano-1200 msnm-Jujuy_AR_4DIC98_Rosendo Fraga.mp3
16,chinchipensis,Chinchipe Spinetail,Synallaxis,https://xeno-canto.org/36066/download,SPChinchipe_FL 3Jul06 betweenJaen_SanIgnacio.mp3
17,chinchipensis,Chinchipe Spinetail,Synallaxis,https://xeno-canto.org/12113/download,ChinchipSp-FL.mp3
18,piperata,Spotted Berrypecker,Rhamphocharis,https://xeno-canto.org/459097/download,XC459097-Spotted Berrypecker.mp3
19,dorbignii,Moss-backed Sparrow,Arremon,https://xeno-canto.org/139295/download,XC139295-Arre_rflavirostris_call_Aguas Negras_PN Calilegua_Jujuy_27ENE2013_B Lopez-Lanus_BLL378-020.mp3
20,chinchipensis,Chinchipe Spinetail,Synallaxis,https://xeno-canto.org/41184/download,SynChi_Jae_JH_07_MC.mp3
21,chinchipensis,Chinchipe Spinetail,Synallaxis,https://xeno-canto.org/39069/download,SPChinchipe_FL 6Dec04Tamborapa (nrJaen).mp3
22,chinchipensis,Chinchipe Spinetail,Synallaxis,https://xeno-canto.org/13437/download,Chinchipe_Spinetail.mp3
23,owenii,Little Spotted Kiwi,Apteryx,https://xeno-canto.org/152944/download,XC152944-2013100249_2209_Apteryx owenii_M_F deroussen.mp3
24,owenii,Little Spotted Kiwi,Apteryx,https://xeno-canto.org/33754/download,Little_Spotted_Kiwi_spel_Tiritiri_Matangi_Island_2005-01-06.mp3
25,owenii,Little Spotted Kiwi,Apteryx,https://xeno-canto.org/182608/download,XC182608-2012_11_19 Apteryx owenii.mp3
26,owenii,Little Spotted Kiwi,Apteryx,https://xeno-canto.org/88143/download,LSKI_kapiti.mp3
27,owenii,Little Spotted Kiwi,Apteryx,https://xeno-canto.org/498079/download,XC498079-Little spotted kiwi-Apteryx owenii-181228_01-ShakespearePark.mp3
28,owenii,Little Spotted Kiwi,Apteryx,https://xeno-canto.org/215249/download,XC215249-Little Spotted Kiwi.mp3
29,haastii,Great Spotted Kiwi,Apteryx,https://xeno-canto.org/666024/download,XC666024-GSKiwi.BullockCreek.31.07.2021(2100).PairDuetting.RealyNice.wav
30,haastii,Great Spotted Kiwi,Apteryx,https://xeno-canto.org/579690/download,XC579690-GreatSpottedKiwiDuet.SunshineFlatShelter.25.07.2020(1845).mp3
31,haastii,Great Spotted Kiwi,Apteryx,https://xeno-canto.org/444298/download,XC444298-Apteryx haasti181121_T2277 .mp3
32,haastii,Great Spotted Kiwi,Apteryx,https://xeno-canto.org/345367/download,XC345367-Apteryx haasti161118_T1326.mp3
33,haastii,Great Spotted Kiwi,Apteryx,https://xeno-canto.org/114351/download,"XC114351-Kiwi, Great Spotted1.mp3"
34,haastii,Great Spotted Kiwi,Apteryx,https://xeno-canto.org/114337/download,"XC114337-Kiwi, Great Spotted2.mp3"
35,haastii,Great Spotted Kiwi,Apteryx,https://xeno-canto.org/345368/download,XC345368-Apteryx haasti161118_T1327.mp3
36,maculosa,Spotted Nothura,Nothura,https://xeno-canto.org/551587/download,XC551587-Inambu ZOOM0018.mp3
37,maculosa,Spotted Nothura,Nothura,https://xeno-canto.org/481402/download,XC481402-NothuramacLascanoUYTape52.mp3
38,maculosa,Spotted Nothura,Nothura,https://xeno-canto.org/744960/download,XC744960-211114_001codornaamarela.mp3
39,maculosa,Spotted Nothura,Nothura,https://xeno-canto.org/686218/download,XC686218-inambucomun (1).mp3
40,maculosa,Spotted Nothura,Nothura,https://xeno-canto.org/681211/download,XC681211-18-10-2021 9e56 Codorna amarela.mp3
41,maculosa,Spotted Nothura,Nothura,https://xeno-canto.org/609616/download,XC609616-N maculosa.mp3
42,maculosa,Spotted Nothura,Nothura,https://xeno-canto.org/541161/download,XC541161-02-04-2020 6e22 Codorna amarela.mp3
43,maculosa,Spotted Nothura,Nothura,https://xeno-canto.org/506257/download,XC506257-CODORNA icognita mineira 7-11-2019 6e53.mp3
44,maculosa,Spotted Nothura,Nothura,https://xeno-canto.org/496226/download,XC496226-Nothura maculosa.mp3
45,maculosa,Spotted Nothura,Nothura,https://xeno-canto.org/443402/download,XC443402-Codorna amarela5 (Nothura maculosa-OK-OK) 16-11-18 10e38.mp3
46,maculosa,Spotted Nothura,Nothura,https://xeno-canto.org/443401/download,XC443401-Codorna amarela1 (Nothura maculosa-OK-OK) 16-11-18 10e8.mp3
47,maculosa,Spotted Nothura,Nothura,https://xeno-canto.org/441990/download,XC441990-Codorna amarela3 (Nothura maculosa-OK-OK).mp3
48,maculosa,Spotted Nothura,Nothura,https://xeno-canto.org/433822/download,XC433822-mp3_N. maculosa.mp3
49,maculosa,Spotted Nothura,Nothura,https://xeno-canto.org/414135/download,XC414135-Codorna amarela (Nothura maculosa-OK-OK).mp3
50,maculosa,Spotted Nothura,Nothura,https://xeno-canto.org/345716/download,XC345716-Chaco Nothura 5 082916.mp3
51,maculosa,Spotted Nothura,Nothura,https://xeno-canto.org/319690/download,XC319690-Nothura maculosa Patrocinio MG 11 01 2012.mp3
52,maculosa,Spotted Nothura,Nothura,https://xeno-canto.org/153782/download,XC153782-COdorna amrela 2.mp3
53,maculosa,Spotted Nothura,Nothura,https://xeno-canto.org/153780/download,XC153780-CODORNA AMARELA.mp3
54,maculosa,Spotted Nothura,Nothura,https://xeno-canto.org/45566/download,Nothura maculosa_Spotted Nothura_Estancia El Potrero_Gualeguaychu_Entre Rios_Argentina_9MAY08b_Bernabe Lopez-Lanus.mp3
55,maculosa,Spotted Nothura,Nothura,https://xeno-canto.org/45565/download,Nothura maculosa_Spotted Nothura_Estancia El Potrero_Gualeguaychu_Entre Rios_Argentina_9MAY08c_Bernabe Lopez-Lanus.mp3
56,maculosa,Spotted Nothura,Nothura,https://xeno-canto.org/45564/download,Nothura maculosa_Spotted Nothura_Estancia Las Vinchucas_Altona_Tapalque_Buenos Aires_Argentina_2ENE2004_Bernabe Lopez-Lanus.mp3
57,maculosa,Spotted Nothura,Nothura,https://xeno-canto.org/45046/download,Nothura_maculosa_MG_091229-1035.mp3
58,maculosa,Spotted Nothura,Nothura,https://xeno-canto.org/17082/download,codorna942_NEW.mp3
59,maculosa,Spotted Nothura,Nothura,https://xeno-canto.org/807776/download,XC807776-Nothura-maculosa-4.mp3
60,maculosa,Spotted Nothura,Nothura,https://xeno-canto.org/744407/download,XC744407-201225_001codorna-amarela.mp3
61,maculosa,Spotted Nothura,Nothura,https://xeno-canto.org/654324/download,XC654324-Nothura maculosa DCB 476-3f.mp3
62,maculosa,Spotted Nothura,Nothura,https://xeno-canto.org/602385/download,XC602385-Nothura maculosa (Codorna-amarela) 1.mp3
63,maculosa,Spotted Nothura,Nothura,https://xeno-canto.org/500230/download,XC500230-Nothura maculosa DCB 422-8.mp3
64,maculosa,Spotted Nothura,Nothura,https://xeno-canto.org/441899/download,XC441899-Codorna2 (Nothura maculosa-OK  ‎6‎-11-2018 ‏‎17e42).mp3
65,maculosa,Spotted Nothura,Nothura,https://xeno-canto.org/441797/download,XC441797-Perdiz (P).mp3
66,maculosa,Spotted Nothura,Nothura,https://xeno-canto.org/391957/download,XC391957-Perdiz y Fdo Cuchilla.mp3
67,maculosa,Spotted Nothura,Nothura,https://xeno-canto.org/361092/download,XC361092-Chaco Nothura 11.mp3
68,maculosa,Spotted Nothura,Nothura,https://xeno-canto.org/345715/download,XC345715-Chaco Nothura 4 082916.mp3
69,maculosa,Spotted Nothura,Nothura,https://xeno-canto.org/345712/download,XC345712-Chaco Nothura 1 082916.mp3
70,maculosa,Spotted Nothura,Nothura,https://xeno-canto.org/273217/download,XC273217-Spotted Nothura song B.mp3
71,maculosa,Spotted Nothura,Nothura,https://xeno-canto.org/273216/download,XC273216-Spotted Nothura song B 1.mp3
72,maculosa,Spotted Nothura,Nothura,https://xeno-canto.org/211655/download,XC211655-F330 Nothura_maculosa(011110)Garca(song).mp3
73,maculosa,Spotted Nothura,Nothura,https://xeno-canto.org/211654/download,XC211654-F329 Nothura_maculosa(011110)Garca(single calls18h00).mp3
74,maculosa,Spotted Nothura,Nothura,https://xeno-canto.org/85240/download,NOTMAC16.mp3
75,maculosa,Spotted Nothura,Nothura,https://xeno-canto.org/61154/download,0041 Nothura maculosa_Campo Avalos_Rio Mirinay-cerca Casco Cambai_Monte Caseros_Corrientes_Arg_19AGO2010_B Lopez-Lanus.mp3
76,maculosa,Spotted Nothura,Nothura,https://xeno-canto.org/51598/download,NOTHURA Spotted_12_Puente Barral-Saladillo_Buenos Aires_AR_17FEB06_Bernabe Lopez-Lanus.mp3
77,maculosa,Spotted Nothura,Nothura,https://xeno-canto.org/51597/download,NOTHURA Spotted_10_Sao Francisco de Paula_Rio Grande do Sul_BR_4JUL07_Bernabe Lopez-Lanus.mp3
78,maculosa,Spotted Nothura,Nothura,https://xeno-canto.org/51596/download,NOTHURA Spotted_09_Puente Barral_Saladillo_Buenos Aires_AR_17FEB06_Bernabe Lopez-Lanus.mp3
79,maculosa,Spotted Nothura,Nothura,https://xeno-canto.org/51595/download,NOTHURA Spotted_07_Caracoles_Maldonado_UR_20AGO03_Bernabe Lopez-Lanus  SN.mp3
80,maculosa,Spotted Nothura,Nothura,https://xeno-canto.org/51594/download,NOTHURA Spotted_06_Caracoles_Maldonado_UR_19AGO03_Bernabe Lopez-Lanus  SN.mp3
81,maculosa,Spotted Nothura,Nothura,https://xeno-canto.org/51591/download,NOTHURA Spotted_03_Tapalque_Buenos Aires_AR_4ENE04_Bernabe Lopez-Lanus.mp3
82,maculosa,Spotted Nothura,Nothura,https://xeno-canto.org/51590/download,NOTHURA Spotted_02_Tapalque_Buenos Aires_AR_4ENE04_Bernabe Lopez-Lanus.mp3
83,maculosa,Spotted Nothura,Nothura,https://xeno-canto.org/37263/download,Codorna  amrela assutada mtz XENO II.mp3
84,maculosa,Spotted Nothura,Nothura,https://xeno-canto.org/36591/download,CODORNA AMARELA ALTO MTZ.mp3
85,maculosa,Spotted Nothura,Nothura,https://xeno-canto.org/17951/download,Perdiz - Nothura maculosa2.mp3
86,maculosa,Spotted Nothura,Nothura,https://xeno-canto.org/17949/download,Perdiz - Nothura maculosa1.mp3
87,maculosa,Spotted Nothura,Nothura,https://xeno-canto.org/17155/download,CA920.mp3
88,maculosa,Spotted Nothura,Nothura,https://xeno-canto.org/8586/download,Nothura_maculosa_DDG.mp3
89,maculosa,Spotted Nothura,Nothura,https://xeno-canto.org/5208/download,20_Nothura boraquira_F12_Icapui_28_V_2005_Ciro Albano.mp3
90,maculosa,Spotted Nothura,Nothura,https://xeno-canto.org/688899/download,XC688899-recording-20211117-111334 Codorna xc.mp3
91,maculosa,Spotted Nothura,Nothura,https://xeno-canto.org/510645/download,XC510645-Nothura maculosa_Mostardas_1153.mp3
92,maculosa,Spotted Nothura,Nothura,https://xeno-canto.org/510616/download,XC510616-Nothura maculosa_Bage_1182.mp3
93,maculosa,Spotted Nothura,Nothura,https://xeno-canto.org/451827/download,XC451827-Codorna amarela (Nothura maculosa-OK-OK) 6-1-‎2019 ‏‎16e26.mp3
94,maculosa,Spotted Nothura,Nothura,https://xeno-canto.org/361091/download,XC361091-Chaco Nothura 10.mp3
95,maculosa,Spotted Nothura,Nothura,https://xeno-canto.org/345713/download,XC345713-Chaco Nothura 2 082916.mp3
96,maculosa,Spotted Nothura,Nothura,https://xeno-canto.org/273215/download,XC273215-Spotted Nothura B.mp3
97,maculosa,Spotted Nothura,Nothura,https://xeno-canto.org/273214/download,XC273214-Spotted Nothura B 1.mp3
98,maculosa,Spotted Nothura,Nothura,https://xeno-canto.org/226708/download,XC226708-Spotted Nothura C 239.mp3
99,maculosa,Spotted Nothura,Nothura,https://xeno-canto.org/176452/download,XC176452-Tinamidae_Nothura_maculosa_07_09_2012_H14_34_Florestal_Gateados_Campo_Belo_do_Sul_SC.mp3
100,maculosa,Spotted Nothura,Nothura,https://xeno-canto.org/105632/download,nothura maculosa.mp3
101,maculosa,Spotted Nothura,Nothura,https://xeno-canto.org/94198/download,R09_0060Nothura_ACL.mp3
102,maculosa,Spotted Nothura,Nothura,https://xeno-canto.org/61153/download,0041 Nothura maculosa 1_Campo Avalos_Rio Mirinay-cerca Casco Cambai_Monte Caseros_Corrientes_Arg_20AGO2010_B Lopez-Lanus.mp3
103,maculosa,Spotted Nothura,Nothura,https://xeno-canto.org/51593/download,NOTHURA Spotted_05_Tapalque_Buenos Aires_AR_2ENE04_Bernabe Lopez-Lanus.mp3
104,maculosa,Spotted Nothura,Nothura,https://xeno-canto.org/51592/download,NOTHURA Spotted_04_Tapalque_Buenos Aires_AR_4ENE04_Bernabe Lopez-Lanus.mp3
105,maculosa,Spotted Nothura,Nothura,https://xeno-canto.org/49562/download,NOTHURA Spotted_11_Estancia San Juan Poriahu_Corrientes_AR_9ABR98_Rosendo Fraga.mp3
106,maculosa,Spotted Nothura,Nothura,https://xeno-canto.org/30367/download,Nothura maculosa 20 oct 08 lag blanca.mp3
107,maculosa,Spotted Nothura,Nothura,https://xeno-canto.org/29054/download,Codorna  Amarela-Xeno OK.mp3
108,maculosa,Spotted Nothura,Nothura,https://xeno-canto.org/7623/download,perdiz1.alvaricc.mp3
109,maculosa,Spotted Nothura,Nothura,https://xeno-canto.org/226709/download,XC226709-Spotted Nothura D 240.mp3
110,maculosa,Spotted Nothura,Nothura,https://xeno-canto.org/345714/download,XC345714-Chaco Nothura 3 082916.mp3
111,guttata,Spotted Whistling Duck,Dendrocygna,https://xeno-canto.org/439631/download,XC439631-Whistling_Duck_Spotted_SD562_Twelve_Mile_Camp_One_Night3a_4thSep18.mp3
112,guttata,Spotted Whistling Duck,Dendrocygna,https://xeno-canto.org/439630/download,XC439630-Whistling-Duck_Spotted_SD560_Twelve_Mile_Night1a_3rdSep18.mp3
113,guttata,Spotted Whistling Duck,Dendrocygna,https://xeno-canto.org/439629/download,XC439629-Whistling-Duck_Spotted_SD560_Twelve_Mile_Night1b_3rdSep18.mp3
114,guttata,Spotted Whistling Duck,Dendrocygna,https://xeno-canto.org/439627/download,XC439627-Whistling_Duck_Spotted_SD562_Twelve_Mile_Camp_One_Night3b_4thSep18.mp3
115,guttata,Spotted Whistling Duck,Dendrocygna,https://xeno-canto.org/615755/download,XC615755-Spotted Whistlig-Duck Lockhart R SP Jan 18 2021 edit PG1380.mp3
116,guttata,Spotted Whistling Duck,Dendrocygna,https://xeno-canto.org/121885/download,XC121885-Dendrocygna guttata_27i97_82x_131A#4.mp3
117,guttata,Spotted Whistling Duck,Dendrocygna,https://xeno-canto.org/388886/download,XC388886-Spotted Whistling-Duck Lake Murray part-m Sept 25 2017 PG1950.mp3
118,gambensis,Spur-winged Goose,Plectropterus,https://xeno-canto.org/737661/download,XC737661-Spurwing Goose 220519-070256.mp3
119,gambensis,Spur-winged Goose,Plectropterus,https://xeno-canto.org/521346/download,XC521346-Plectropterus_gambensis_niger-FL flight AloeCanyon 18Nov19 9.03am LS116207b.mp3
120,gambensis,Spur-winged Goose,Plectropterus,https://xeno-canto.org/517496/download,XC517496-Plectropterus_gambensis_niger-FL flight Wakkerstroom Lark Loop 2Oct19 7.28am LS115304b.mp3
121,gambensis,Spur-winged Goose,Plectropterus,https://xeno-canto.org/505705/download,XC505705-SpurwingedGoose_Ndiael_191103_0449_edited.mp3
122,gambensis,Spur-winged Goose,Plectropterus,https://xeno-canto.org/442483/download,XC442483-Spur-winged Goose.mp3
123,gambensis,Spur-winged Goose,Plectropterus,https://xeno-canto.org/382946/download,XC382946-Goose Spurwinged_Clanwilliam_170701_09_B_edit.mp3
124,gambensis,Spur-winged Goose,Plectropterus,https://xeno-canto.org/339357/download,XC339357-LS101856 Spur-winged Goose call B.mp3
125,gambensis,Spur-winged Goose,Plectropterus,https://xeno-canto.org/339356/download,XC339356-LS101854 Spur-winged Goose call B.mp3
126,gambensis,Spur-winged Goose,Plectropterus,https://xeno-canto.org/280557/download,XC280557-LS_51609 Spur-winged Goose flight call B.mp3
127,gambensis,Spur-winged Goose,Plectropterus,https://xeno-canto.org/126343/download,XC126343-SpurWingedGoose21Jan2013BenfontijnFreeStateSouthAfrika.mp3
128,gambensis,Spur-winged Goose,Plectropterus,https://xeno-canto.org/610697/download,XC610697-7 SW Goose.mp3
129,gambensis,Spur-winged Goose,Plectropterus,https://xeno-canto.org/513600/download,XC513600-16 SW Goose.mp3
130,gambensis,Spur-winged Goose,Plectropterus,https://xeno-canto.org/511788/download,XC511788-8 SW Goose plus.mp3
131,gambensis,Spur-winged Goose,Plectropterus,https://xeno-canto.org/442439/download,XC442439-Spur-winged Goose.mp3
132,poecilorhyncha,Indian Spot-billed Duck,Anas,https://xeno-canto.org/580931/download,XC580931-SBD_20200803_090030.mp3
133,poecilorhyncha,Indian Spot-billed Duck,Anas,https://xeno-canto.org/580930/download,XC580930-SBD_20200803_092057.mp3
134,poecilorhyncha,Indian Spot-billed Duck,Anas,https://xeno-canto.org/571156/download,XC571156-Duck-Indian-Spot-billed-Anas-poecilorhyncha-Bhose-Dam--Chakan-20200624-025-RNP.mp3
135,poecilorhyncha,Indian Spot-billed Duck,Anas,https://xeno-canto.org/568941/download,XC568941-b02c.mp3
136,poecilorhyncha,Indian Spot-billed Duck,Anas,https://xeno-canto.org/580929/download,XC580929-SBD_20200803_092122.mp3
137,poecilorhyncha,Indian Spot-billed Duck,Anas,https://xeno-canto.org/547552/download,XC547552-Indian Spot-billed Duck2019-4-12-3.mp3
138,poecilorhyncha,Indian Spot-billed Duck,Anas,https://xeno-canto.org/547551/download,XC547551-Indian Spot-billed Duck2019-4-12-1t.mp3
139,poecilorhyncha,Indian Spot-billed Duck,Anas,https://xeno-canto.org/547550/download,XC547550-Indian Spot-billed Duck2019-4-12-2.mp3
140,poecilorhyncha,Indian Spot-billed Duck,Anas,https://xeno-canto.org/547549/download,XC547549-Indian Spot-billed Duck2019-4-12-5.mp3
141,poecilorhyncha,Indian Spot-billed Duck,Anas,https://xeno-canto.org/547548/download,XC547548-Indian Spot-billed Duck2019-4-12-4.mp3
142,poecilorhyncha,Indian Spot-billed Duck,Anas,https://xeno-canto.org/547547/download,XC547547-Indian Spot-billed Duck2019-4-12-6t.mp3
143,poecilorhyncha,Indian Spot-billed Duck,Anas,https://xeno-canto.org/468784/download,XC468784-Indian-Spot-billed-Duck-Anas-poecilorhyncha-20190413-008-RNP.mp3
144,poecilorhyncha,Indian Spot-billed Duck,Anas,https://xeno-canto.org/460208/download,XC460208-LS101105 Indian Spot-billed Duck flight call B.mp3
145,poecilorhyncha,Indian Spot-billed Duck,Anas,https://xeno-canto.org/424143/download,XC424143-spotbilledduck_170917.mp3
146,poecilorhyncha,Indian Spot-billed Duck,Anas,https://xeno-canto.org/295226/download,XC295226-IndianSpotbilledDuck_Thailand_021815_call.mp3
147,poecilorhyncha,Indian Spot-billed Duck,Anas,https://xeno-canto.org/195759/download,XC195759-Duck Spot-billed (Anas poecilorhyncha) Alarm Pashan RNP 20140916.mp3
148,poecilorhyncha,Indian Spot-billed Duck,Anas,https://xeno-canto.org/166170/download,XC166170-Anas_poecilorhyncha_nom-FL flight calls 20kmW of Nagpur 25Jan13 5.07pm LS110547.mp3
149,poecilorhyncha,Indian Spot-billed Duck,Anas,https://xeno-canto.org/124019/download,XC124019-spot billed1.mp3
150,poecilorhyncha,Indian Spot-billed Duck,Anas,https://xeno-canto.org/574746/download,XC574746-SBD_20191020_0750.mp3
151,poecilorhyncha,Indian Spot-billed Duck,Anas,https://xeno-canto.org/574745/download,XC574745-SBD_20191020_0750a.mp3
152,poecilorhyncha,Indian Spot-billed Duck,Anas,https://xeno-canto.org/472573/download,XC472573-LS101453 Spot-billed Duck call take off pair C.mp3
153,poecilorhyncha,Indian Spot-billed Duck,Anas,https://xeno-canto.org/467964/download,XC467964-Duck-Indian-Spot-billed-Anas-poecilorhyncha-WII-Dehradun-20190413-008-RNP.mp3
154,poecilorhyncha,Indian Spot-billed Duck,Anas,https://xeno-canto.org/114233/download,XC114233-Spotbilled Duck Com I.mp3
155,poecilorhyncha,Indian Spot-billed Duck,Anas,https://xeno-canto.org/95804/download,spotbilled ducks.mp3
156,poecilorhyncha,Indian Spot-billed Duck,Anas,https://xeno-canto.org/472572/download,XC472572-LS101451 Spot-billed Duck call D.mp3
157,poecilorhyncha,Indian Spot-billed Duck,Anas,https://xeno-canto.org/452274/download,XC452274-Indian Spot-billed Duck_IITM_20190108_075808.mp3
158,poecilorhyncha,Indian Spot-billed Duck,Anas,https://xeno-canto.org/358064/download,XC358064-Spot_20170304083726.mp3
159,zonorhyncha,Eastern Spot-billed Duck,Anas,https://xeno-canto.org/803919/download,XC803919-Eastern-Spot-billed-Duck斑嘴鸭-飞过头顶-2112210935-崇明东滩保护区SHADOW_2476S12.mp3
160,zonorhyncha,Eastern Spot-billed Duck,Anas,https://xeno-canto.org/803918/download,XC803918-Eastern-Spot-billed-Duck斑嘴鸭-绿头鸭-call-2210261559-横沙-SHADOW_2766S12.mp3
161,zonorhyncha,Eastern Spot-billed Duck,Anas,https://xeno-canto.org/803917/download,XC803917-Eastern-Spot-billed-Duck斑嘴鸭-call-2301170919-东滩保护区SHADOW_2869S12.mp3
162,zonorhyncha,Eastern Spot-billed Duck,Anas,https://xeno-canto.org/414280/download,XC414280-Anas_zonorhyncha-FL calls Elsen Tasarhai 2Jun17 11.40am LS112068a.mp3
163,zonorhyncha,Eastern Spot-billed Duck,Anas,https://xeno-canto.org/414279/download,XC414279-Anas_zonorhyncha-FL (OrientalReedW) Elsen Tasarhai 2Jun17 11.34am LS112067a.mp3
164,zonorhyncha,Eastern Spot-billed Duck,Anas,https://xeno-canto.org/414277/download,XC414277-Anas_zonorhyncha-FL (OrientalReedW) Elsen Tasarhai 2Jun17 11.29am LS112066a.mp3
165,zonorhyncha,Eastern Spot-billed Duck,Anas,https://xeno-canto.org/266818/download,"XC266818-Anas zonorhyncha male, female 0508_200445,AAA.MP3"
166,zonorhyncha,Eastern Spot-billed Duck,Anas,https://xeno-canto.org/266815/download,"XC266815-Anas zonorhyncha 0508_065810,A+.MP3"
167,zonorhyncha,Eastern Spot-billed Duck,Anas,https://xeno-canto.org/194697/download,XC194697-EasternSpotBilledDuck_SouthKorea_090814_call_swimming.mp3
168,zonorhyncha,Eastern Spot-billed Duck,Anas,https://xeno-canto.org/21569/download,Spot-billedDuck.mp3
169,zonorhyncha,Eastern Spot-billed Duck,Anas,https://xeno-canto.org/661792/download,XC661792-XC655832 - Eastern Spot-billed Duck - Anas zonorhyncha.mp3
170,zonorhyncha,Eastern Spot-billed Duck,Anas,https://xeno-canto.org/581286/download,XC581286-2020.5.8(spot-billed duck).mp3
171,zonorhyncha,Eastern Spot-billed Duck,Anas,https://xeno-canto.org/286056/download,XC286056-LS_58719 Eastern Spot-billed Duck ca.mp3
172,zonorhyncha,Eastern Spot-billed Duck,Anas,https://xeno-canto.org/266817/download,"XC266817-Anas zonorhyncha male 0508_200252,A+.MP3"
173,zonorhyncha,Eastern Spot-billed Duck,Anas,https://xeno-canto.org/266814/download,"XC266814-Anas zonorhyncha 150424_001,AAA4.MP3"
174,zonorhyncha,Eastern Spot-billed Duck,Anas,https://xeno-canto.org/266813/download,"XC266813-Anas zonorhyncha 150424_001,AA8.MP3"
175,zonorhyncha,Eastern Spot-billed Duck,Anas,https://xeno-canto.org/326876/download,XC326876-Eastern Spot-billed Duck flight calls 20160509 0819 FC RUS OA Muraviovka Park TW LS_5.mp3
176,zonorhyncha,Eastern Spot-billed Duck,Anas,https://xeno-canto.org/266816/download,"XC266816-Anas zonorhyncha 150508_002, ночь-утро,AAA1.MP3"
177,zonorhyncha,Eastern Spot-billed Duck,Anas,https://xeno-canto.org/285736/download,XC285736-LS_58145 LAKE TODEN Eastern Spot-bil.mp3
178,zonorhyncha,Eastern Spot-billed Duck,Anas,https://xeno-canto.org/78460/download,Anas_zonorhyncha-FL flight calls  BoengPrekLapouv Cambodia 12Feb0211 R09_ (3).mp3
179,fischeri,Spectacled Eider,Somateria,https://xeno-canto.org/276963/download,XC276963-Somateria_fischeri-FL f feeding GasWellRd Barrow 12Jun15 12.36pm LS117076a.mp3
180,fischeri,Spectacled Eider,Somateria,https://xeno-canto.org/185370/download,XC185370-Spectacled Eider2014-6-28-2.mp3
181,fischeri,Spectacled Eider,Somateria,https://xeno-canto.org/141728/download,XC141728-Spectacled Eider2013-6-13-1wing.mp3
182,fischeri,Spectacled Eider,Somateria,https://xeno-canto.org/351092/download,XC351092-Somateria_fischeri-FL feeding GasWellRd Barrow 12Jun15 12.30pm LS117073b.mp3
183,fischeri,Spectacled Eider,Somateria,https://xeno-canto.org/277101/download,XC277101-Somateria_fischeri-FL feeding 2m+f GasWellRd Barrow 14Jun15 4.42pm LS117167b.mp3
184,fischeri,Spectacled Eider,Somateria,https://xeno-canto.org/276964/download,XC276964-Somateria_fischeri-FL pair feeding 5m [PecSand] GasWellRd Barrow 12Jun15 12.33pm LS117075b.mp3
185,fischeri,Spectacled Eider,Somateria,https://xeno-canto.org/406392/download,"XC406392-Glasögonejder-vingljud-Barrow, Alaska-(2017-06-14 22.37)-[0.39]-LS141322.mp3"
186,guttata,Speckled Chachalaca,Ortalis,https://xeno-canto.org/478359/download,"XC478359-Speckled Chachalaca, 190527-001.mp3"
187,guttata,Speckled Chachalaca,Ortalis,https://xeno-canto.org/461505/download,XC461505-ID PERU BIRD 68 PARROTS speckled chachalaca.mp3
188,guttata,Speckled Chachalaca,Ortalis,https://xeno-canto.org/461366/download,XC461366-ID PERU 07D.mp3
189,guttata,Speckled Chachalaca,Ortalis,https://xeno-canto.org/461364/download,XC461364-ID PERU 07D.mp3
190,guttata,Speckled Chachalaca,Ortalis,https://xeno-canto.org/443193/download,XC443193-OrtalisguttBeni.mp3
191,guttata,Speckled Chachalaca,Ortalis,https://xeno-canto.org/191789/download,XC191789-DR0000_0465.mp3
192,guttata,Speckled Chachalaca,Ortalis,https://xeno-canto.org/781117/download,XC781117-17-02-2023-7e10-Aracua-pintado-RIO-AZUL.mp3
193,guttata,Speckled Chachalaca,Ortalis,https://xeno-canto.org/781116/download,XC781116-17-02-2023-7e9-Aracoa-pintado-RIO-AZUL.mp3
194,guttata,Speckled Chachalaca,Ortalis,https://xeno-canto.org/763989/download,"XC763989-221113_02_Speckled-Chachalaca_Quebrada-Mishquiyaquillo,-San-Martin,-Peru_12-November-2022.mp3"
195,guttata,Speckled Chachalaca,Ortalis,https://xeno-canto.org/744391/download,XC744391-201115_008ortalisremota.mp3
196,guttata,Speckled Chachalaca,Ortalis,https://xeno-canto.org/706100/download,XC706100-F864 Ortalis remota_calls_in_rp_SJRioPreto_SP290321.mp3
197,guttata,Speckled Chachalaca,Ortalis,https://xeno-canto.org/702930/download,XC702930-CHACHAL_Speckled RN Chuchini 150m 111021 0737.mp3
198,guttata,Speckled Chachalaca,Ortalis,https://xeno-canto.org/702926/download,XC702926-CHACHAL_Speckled LRNR 150m 110921 0644.mp3
199,guttata,Speckled Chachalaca,Ortalis,https://xeno-canto.org/682229/download,"XC682229-Speckled Chachalaca (song) 20161225,COTRLodge,ManuRoad,PERU.mp3"
200,guttata,Speckled Chachalaca,Ortalis,https://xeno-canto.org/558855/download,XC558855-190911-115902_MN_OrtGut_Coroico.mp3
201,guttata,Speckled Chachalaca,Ortalis,https://xeno-canto.org/558082/download,XC558082-Ortalis guttata.mp3
202,guttata,Speckled Chachalaca,Ortalis,https://xeno-canto.org/556466/download,"XC556466-Ortalis guttata - Caio Brito (Rio Branco-AC)_BRITO,3322.mp3"
203,guttata,Speckled Chachalaca,Ortalis,https://xeno-canto.org/513659/download,XC513659-Ortalis remota 2.mp3
204,guttata,Speckled Chachalaca,Ortalis,https://xeno-canto.org/513658/download,XC513658-Ortalis remota 1.mp3
205,guttata,Speckled Chachalaca,Ortalis,https://xeno-canto.org/453617/download,XC453617-Speckled Chachalaca (online-audio-converter.com).mp3
206,guttata,Speckled Chachalaca,Ortalis,https://xeno-canto.org/424155/download,XC424155-17. Ortalis guttata XC.mp3
207,guttata,Speckled Chachalaca,Ortalis,https://xeno-canto.org/420589/download,XC420589-Ortalis guttata 8 15 am mocoa 2.mp3
208,guttata,Speckled Chachalaca,Ortalis,https://xeno-canto.org/327452/download,"XC327452-a168. Ortalis guttata. Santa María, Boyacá. Junio 22 de 2016.mp3"
209,guttata,Speckled Chachalaca,Ortalis,https://xeno-canto.org/315063/download,XC315063-Ortalis guttata2-Buenavista Meta.MP3
210,guttata,Speckled Chachalaca,Ortalis,https://xeno-canto.org/305925/download,XC305925-ORTGUT14.mp3
211,guttata,Speckled Chachalaca,Ortalis,https://xeno-canto.org/297036/download,XC297036-SpeckledChachalaca_Peru_072715_call.mp3
212,guttata,Speckled Chachalaca,Ortalis,https://xeno-canto.org/296680/download,XC296680-SpeckledChachalaca_Peru_053015_call.mp3
213,guttata,Speckled Chachalaca,Ortalis,https://xeno-canto.org/270875/download,XC270875-Speckled Chachalaca 1.mp3
214,guttata,Speckled Chachalaca,Ortalis,https://xeno-canto.org/270874/download,XC270874-Speckled Chachalaca.mp3
215,guttata,Speckled Chachalaca,Ortalis,https://xeno-canto.org/257411/download,XC257411-23.001.04.Speckled_Chachalaca.mp3
216,guttata,Speckled Chachalaca,Ortalis,https://xeno-canto.org/257410/download,XC257410-23.001.03.Speckled_Chachalaca.mp3
217,guttata,Speckled Chachalaca,Ortalis,https://xeno-canto.org/257409/download,XC257409-23.001.02.Speckled_Chachalaca.mp3
218,guttata,Speckled Chachalaca,Ortalis,https://xeno-canto.org/257408/download,XC257408-23.001.01.Speckled_Chachalaca.mp3
219,guttata,Speckled Chachalaca,Ortalis,https://xeno-canto.org/251286/download,XC251286-Ortgut04A.mp3
220,guttata,Speckled Chachalaca,Ortalis,https://xeno-canto.org/245273/download,XC245273-150322_2104_1000_0925.mp3
221,guttata,Speckled Chachalaca,Ortalis,https://xeno-canto.org/245271/download,XC245271-150322_2104_0000_0235.mp3
222,guttata,Speckled Chachalaca,Ortalis,https://xeno-canto.org/238745/download,XC238745-Ortalis_guttata11cut2A.mp3
223,guttata,Speckled Chachalaca,Ortalis,https://xeno-canto.org/238744/download,XC238744-Ortalis_guttata10cut1A.mp3
224,guttata,Speckled Chachalaca,Ortalis,https://xeno-canto.org/226978/download,XC226978-Speckled Chachalaca A 884.mp3
225,guttata,Speckled Chachalaca,Ortalis,https://xeno-canto.org/209783/download,XC209783-Speckled Chacalaca.mp3
226,guttata,Speckled Chachalaca,Ortalis,https://xeno-canto.org/206944/download,XC206944-Ortalis guttata_Monte Carmelo_1082.mp3
227,guttata,Speckled Chachalaca,Ortalis,https://xeno-canto.org/163584/download,XC163584-Ortalis_guttata_nom-FL Amacayacu 1987-2.mp3
228,guttata,Speckled Chachalaca,Ortalis,https://xeno-canto.org/155425/download,XC155425-110101speckeld chacalaca.mp3
229,guttata,Speckled Chachalaca,Ortalis,https://xeno-canto.org/77605/download,SpeckledChachalacaSong-ElPara.mp3
230,guttata,Speckled Chachalaca,Ortalis,https://xeno-canto.org/72571/download,Speckled Chachalaca2011-1-24-1.mp3
231,guttata,Speckled Chachalaca,Ortalis,https://xeno-canto.org/47564/download,Speckled Chachalaca2009-10-28-1.mp3
232,guttata,Speckled Chachalaca,Ortalis,https://xeno-canto.org/36400/download,Variable Chachalaca  alternate call  R0917_0144.mp3
233,guttata,Speckled Chachalaca,Ortalis,https://xeno-canto.org/28118/download,ortgut01.mp3
234,guttata,Speckled Chachalaca,Ortalis,https://xeno-canto.org/2677/download,83/b05.mp3
235,guttata,Speckled Chachalaca,Ortalis,https://xeno-canto.org/763334/download,XC763334-Ortalis-guttata_Waqinki_MixPre-1350.wav
236,guttata,Speckled Chachalaca,Ortalis,https://xeno-canto.org/747132/download,XC747132-Ortalis guttata 04092022 Pijachi.mp3
237,guttata,Speckled Chachalaca,Ortalis,https://xeno-canto.org/743905/download,XC743905-191012_Ortalis gutata.mp3
238,guttata,Speckled Chachalaca,Ortalis,https://xeno-canto.org/713794/download,XC713794-F942 Ortalis guttata (song)PNSD_041021.mp3
239,guttata,Speckled Chachalaca,Ortalis,https://xeno-canto.org/713793/download,XC713793-F941 Ortalis guttata (song)071021SESC_Cruzeiro.mp3
240,guttata,Speckled Chachalaca,Ortalis,https://xeno-canto.org/702931/download,XC702931-CHACHAL_Speckled_c_alarm Lomas de Arena 400m 112621 0713.mp3
241,guttata,Speckled Chachalaca,Ortalis,https://xeno-canto.org/635287/download,XC635287-16. Ortalis guttata XC.mp3
242,guttata,Speckled Chachalaca,Ortalis,https://xeno-canto.org/631010/download,XC631010-Speckled Chachalaca.mp3
243,guttata,Speckled Chachalaca,Ortalis,https://xeno-canto.org/631009/download,XC631009-Speckled Chachalaca1.mp3
244,guttata,Speckled Chachalaca,Ortalis,https://xeno-canto.org/595882/download,"XC595882-Speckled Chachalaca, Varzea, Enramada, 201016-009.mp3"
245,guttata,Speckled Chachalaca,Ortalis,https://xeno-canto.org/591733/download,XC591733-Ortalis guttata_Tabatinga_1180.mp3
246,guttata,Speckled Chachalaca,Ortalis,https://xeno-canto.org/571786/download,XC571786-Ortalis guttata DCB 627-10.mp3
247,guttata,Speckled Chachalaca,Ortalis,https://xeno-canto.org/543859/download,XC543859-Machuhuasi-2019-09-26-11h40 LS117174.mp3
248,guttata,Speckled Chachalaca,Ortalis,https://xeno-canto.org/491857/download,XC491857-Ortalis guttata DCB 611-5.mp3
249,guttata,Speckled Chachalaca,Ortalis,https://xeno-canto.org/479411/download,XC479411-Ortalis guttata DCB 604-5.mp3
250,guttata,Speckled Chachalaca,Ortalis,https://xeno-canto.org/420586/download,XC420586-Ortalis guttata 8 15 am mocoa.mp3
251,guttata,Speckled Chachalaca,Ortalis,https://xeno-canto.org/408947/download,XC408947-OrtalisgutPeru54b1 (2).mp3
252,guttata,Speckled Chachalaca,Ortalis,https://xeno-canto.org/361488/download,XC361488-RC_45_Ortalis_guttata_edited.mp3
253,guttata,Speckled Chachalaca,Ortalis,https://xeno-canto.org/353765/download,"XC353765-Speckled Chachalaca, Yarina EcoLodge, Orellana, Ecuador. 7.15am January 18, 2017.MP3"
254,guttata,Speckled Chachalaca,Ortalis,https://xeno-canto.org/345391/download,XC345391-Ortalis guttata160901_T1136.mp3
255,guttata,Speckled Chachalaca,Ortalis,https://xeno-canto.org/345136/download,XC345136-Ortalis_guttata-1846564.mp3
256,guttata,Speckled Chachalaca,Ortalis,https://xeno-canto.org/301731/download,XC301731-Ortalis guttata.mp3
257,guttata,Speckled Chachalaca,Ortalis,https://xeno-canto.org/245449/download,XC245449-150402_2271C.mp3
258,guttata,Speckled Chachalaca,Ortalis,https://xeno-canto.org/245244/download,XC245244-150321_2115.mp3
259,guttata,Speckled Chachalaca,Ortalis,https://xeno-canto.org/244661/download,XC244661-150322_2104_1000_0350 Misterio.mp3
260,guttata,Speckled Chachalaca,Ortalis,https://xeno-canto.org/226982/download,XC226982-Speckled Chachalaca B 882.mp3
261,guttata,Speckled Chachalaca,Ortalis,https://xeno-canto.org/226981/download,XC226981-Speckled Chachalaca B 881.mp3
262,guttata,Speckled Chachalaca,Ortalis,https://xeno-canto.org/226980/download,XC226980-Speckled Chachalaca A 883.mp3
263,guttata,Speckled Chachalaca,Ortalis,https://xeno-canto.org/226979/download,XC226979-Speckled Chachalaca B 880.mp3
264,guttata,Speckled Chachalaca,Ortalis,https://xeno-canto.org/180693/download,XC180693-Speckled ChachalacaLL32014.mp3
265,guttata,Speckled Chachalaca,Ortalis,https://xeno-canto.org/180692/download,XC180692-Speckled ChachalacaLL22014.mp3
266,guttata,Speckled Chachalaca,Ortalis,https://xeno-canto.org/180691/download,XC180691-Speckled ChachalacaLL12014.mp3
267,guttata,Speckled Chachalaca,Ortalis,https://xeno-canto.org/161359/download,XC161359-2. Ortalis guttata XC.MP3
268,guttata,Speckled Chachalaca,Ortalis,https://xeno-canto.org/127216/download,XC127216-Chachalaca Moteada · Ortalis guttata - APE NECTAR - LLAMADOS.mp3
269,guttata,Speckled Chachalaca,Ortalis,https://xeno-canto.org/106303/download,Ortalis guttata guaviare.mp3
270,guttata,Speckled Chachalaca,Ortalis,https://xeno-canto.org/85262/download,ORTGUT04.mp3
271,guttata,Speckled Chachalaca,Ortalis,https://xeno-canto.org/73999/download,Ortalis_guttata_T465.mp3
272,guttata,Speckled Chachalaca,Ortalis,https://xeno-canto.org/73998/download,Ortalis_guttata_T450.mp3
273,guttata,Speckled Chachalaca,Ortalis,https://xeno-canto.org/68912/download,Ortalis_guttata_2003a-FRL_PE_4_327-412_1_C.mp3
274,guttata,Speckled Chachalaca,Ortalis,https://xeno-canto.org/63820/download,Ortagutt02.mp3
275,guttata,Speckled Chachalaca,Ortalis,https://xeno-canto.org/63819/download,Ortagutt01.mp3
276,guttata,Speckled Chachalaca,Ortalis,https://xeno-canto.org/44406/download,"Disc 11 Track 57 Ortalis guttata with zonotrichia Tyrannus melancholicus and Columba plumbea - songs, calls of female and calls.mp3"
277,guttata,Speckled Chachalaca,Ortalis,https://xeno-canto.org/43910/download,Disc 11 Track 23 Ortalis guttata.mp3
278,guttata,Speckled Chachalaca,Ortalis,https://xeno-canto.org/10011/download,Ortalis_guttata_EC-Sacha_19980303_C3_ATC.mp3
279,guttata,Speckled Chachalaca,Ortalis,https://xeno-canto.org/10009/download,Ortalis_guttata_EC-Sacha_19980303_C1_ATC.mp3
280,guttata,Speckled Chachalaca,Ortalis,https://xeno-canto.org/8550/download,OrtalisGuttata_JuanGuerra.mp3
281,guttata,Speckled Chachalaca,Ortalis,https://xeno-canto.org/2588/download,75/b12b.mp3
282,guttata,Speckled Chachalaca,Ortalis,https://xeno-canto.org/693730/download,XC693730-LS_58963 Speckled Chachalaca chorus C.mp3
283,guttata,Speckled Chachalaca,Ortalis,https://xeno-canto.org/688831/download,XC688831-Recording_29chachalaca mp3.mp3
284,guttata,Speckled Chachalaca,Ortalis,https://xeno-canto.org/570680/download,XC570680-Ortalis guttata DCB 630-12c.mp3
285,guttata,Speckled Chachalaca,Ortalis,https://xeno-canto.org/558079/download,XC558079-Ortalis guttata 2.mp3
286,guttata,Speckled Chachalaca,Ortalis,https://xeno-canto.org/245204/download,XC245204-150320_2064_0000_0054.mp3
287,guttata,Speckled Chachalaca,Ortalis,https://xeno-canto.org/164816/download,XC164816-Ortalis guttata_Bufalo_1539 (2).mp3
288,guttata,Speckled Chachalaca,Ortalis,https://xeno-canto.org/143381/download,XC143381-1043.mp3
289,guttata,Speckled Chachalaca,Ortalis,https://xeno-canto.org/54759/download,Ortalis guttata guttata_Finca La Pradera_Parroquia Remolinos_Municipio Puerto Lopez_Meta_Colombia_17ABR2000 f_Bernabe Lopez-Lanus.mp3
290,guttata,Speckled Chachalaca,Ortalis,https://xeno-canto.org/54747/download,Ortalis guttata guttata_Finca La Pradera_Parroquia Remolinos_Municipio Puerto Lopez_Meta_Colombia_17ABR2000 d_Bernabe Lopez-Lanus.mp3
291,guttata,Speckled Chachalaca,Ortalis,https://xeno-canto.org/11351/download,TMIItapeIIIOrtGut.mp3
292,guttata,Speckled Chachalaca,Ortalis,https://xeno-canto.org/10010/download,Ortalis_guttata_EC-Sacha_19980303_C2_ATC.mp3
293,guttata,Speckled Chachalaca,Ortalis,https://xeno-canto.org/106302/download,ORTALIS GUTTATA CON CYHCLAHIS GUAVIARE.mp3
294,guttata,Speckled Chachalaca,Ortalis,https://xeno-canto.org/87250/download,SPCH2011aug091728.mp3
295,guttata,Speckled Chachalaca,Ortalis,https://xeno-canto.org/81972/download,Ortalis guttata_CASANARE 12005.mp3
296,guttata,Speckled Chachalaca,Ortalis,https://xeno-canto.org/54748/download,Ortalis guttata guttata_Finca La Pradera_Parroquia Remolinos_Municipio Puerto Lopez_Meta_Colombia_17ABR2000 e_Bernabe Lopez-Lanus.mp3
297,guttata,Speckled Chachalaca,Ortalis,https://xeno-canto.org/54746/download,Ortalis guttata guttata_Finca La Pradera_Parroquia Remolinos_Municipio Puerto Lopez_Meta_Colombia_17ABR2000 c_Bernabe Lopez-Lanus.mp3
298,guttata,Speckled Chachalaca,Ortalis,https://xeno-canto.org/54745/download,Ortalis guttata guttata_Finca La Pradera_Parroquia Remolinos_Municipio Puerto Lopez_Meta_Colombia_17ABR2000 b_Bernabe Lopez-Lanus.mp3
299,guttata,Speckled Chachalaca,Ortalis,https://xeno-canto.org/28117/download,ortgut02.mp3
300,guttata,Speckled Chachalaca,Ortalis,https://xeno-canto.org/348414/download,XC348414-9-9.mp3
301,jacquacu,Spix's Guan,Penelope,https://xeno-canto.org/552036/download,XC552036-CracidaeDuckeTape29 (2).mp3
302,jacquacu,Spix's Guan,Penelope,https://xeno-canto.org/476278/download,"XC476278-Spix's Guan, 190522-003.mp3"
303,jacquacu,Spix's Guan,Penelope,https://xeno-canto.org/449320/download,"XC449320-Crested Guan, alarm call, 190103-064.mp3"
304,jacquacu,Spix's Guan,Penelope,https://xeno-canto.org/438566/download,XC438566-LS100081.- Penelope jacquacu (call).mp3
305,jacquacu,Spix's Guan,Penelope,https://xeno-canto.org/395792/download,XC395792-B17h08m20s07nov2017 spix guan.mp3
306,jacquacu,Spix's Guan,Penelope,https://xeno-canto.org/329203/download,XC329203-Penelope jacquacu (alert)XapuriAC250613.mp3
307,jacquacu,Spix's Guan,Penelope,https://xeno-canto.org/704721/download,XC704721-GUAN_Spix's RN Chuchini 150m 111021 0534.mp3
308,jacquacu,Spix's Guan,Penelope,https://xeno-canto.org/616226/download,XC616226-Penelope jacquacu orienticola - Caño Lagunilla.mp3
309,jacquacu,Spix's Guan,Penelope,https://xeno-canto.org/606113/download,XC606113-201103_1308_1.mp3
310,jacquacu,Spix's Guan,Penelope,https://xeno-canto.org/490293/download,XC490293-Penelope jacquacu DCB 609-14.mp3
311,jacquacu,Spix's Guan,Penelope,https://xeno-canto.org/445959/download,XC445959-181107_4260 SPIX'S Guan 80ft Fran 1030 mp3 amp.mp3
312,jacquacu,Spix's Guan,Penelope,https://xeno-canto.org/276343/download,XC276343-Penelope_jacquacu51cut1A.mp3
313,jacquacu,Spix's Guan,Penelope,https://xeno-canto.org/260370/download,XC260370-23.006.05.Spix's_Guan.mp3
314,jacquacu,Spix's Guan,Penelope,https://xeno-canto.org/260369/download,XC260369-23.006.02.Spix's_Guan.mp3
315,jacquacu,Spix's Guan,Penelope,https://xeno-canto.org/257418/download,XC257418-23.006.03.Spix's_Guan.mp3
316,jacquacu,Spix's Guan,Penelope,https://xeno-canto.org/257417/download,XC257417-23.006.01.Spix's_Guan.mp3
317,jacquacu,Spix's Guan,Penelope,https://xeno-canto.org/227391/download,XC227391-Spix's Guan  930.mp3
318,jacquacu,Spix's Guan,Penelope,https://xeno-canto.org/122322/download,XC122322-20110605-0645-1194-PE-MD-Manu Learning Center-Spix's Guan_calls_flight alarm.mp3
319,jacquacu,Spix's Guan,Penelope,https://xeno-canto.org/117965/download,XC117965-1 Audio Track.mp3
320,jacquacu,Spix's Guan,Penelope,https://xeno-canto.org/77037/download,SpixsGuanCall-Yasuni.mp3
321,jacquacu,Spix's Guan,Penelope,https://xeno-canto.org/70331/download,Spixs Guan2011-1-10-1.mp3
322,jacquacu,Spix's Guan,Penelope,https://xeno-canto.org/63841/download,Penejacq03.mp3
323,jacquacu,Spix's Guan,Penelope,https://xeno-canto.org/42595/download,penelope_jacquacu_cacau.mp3
324,jacquacu,Spix's Guan,Penelope,https://xeno-canto.org/3099/download,2370/16.mp3
325,jacquacu,Spix's Guan,Penelope,https://xeno-canto.org/2679/download,83/b07.mp3
326,jacquacu,Spix's Guan,Penelope,https://xeno-canto.org/783231/download,XC783231-17-02-2023-16e52-Jacu-de-spix-WIKI-ESTRADA-COLTILDE.mp3
327,jacquacu,Spix's Guan,Penelope,https://xeno-canto.org/610355/download,XC610355-00341_Trim.mp3
328,jacquacu,Spix's Guan,Penelope,https://xeno-canto.org/404605/download,XC404605-JRS026_a_xc.mp3
329,jacquacu,Spix's Guan,Penelope,https://xeno-canto.org/227401/download,XC227401-Spix's Guan B 936.mp3
330,jacquacu,Spix's Guan,Penelope,https://xeno-canto.org/227400/download,XC227400-Spix's Guan B 935.mp3
331,jacquacu,Spix's Guan,Penelope,https://xeno-canto.org/227399/download,XC227399-Marail Guan  909.mp3
332,jacquacu,Spix's Guan,Penelope,https://xeno-canto.org/227394/download,XC227394-Spix's Guan  931.mp3
333,jacquacu,Spix's Guan,Penelope,https://xeno-canto.org/227392/download,XC227392-Spix's Guan B 934.mp3
334,jacquacu,Spix's Guan,Penelope,https://xeno-canto.org/117411/download,XC117411-9 Audio Track.mp3
335,jacquacu,Spix's Guan,Penelope,https://xeno-canto.org/117410/download,XC117410-8 Audio Track.mp3
336,jacquacu,Spix's Guan,Penelope,https://xeno-canto.org/85274/download,PENJAQ06.mp3
337,jacquacu,Spix's Guan,Penelope,https://xeno-canto.org/85273/download,PENJAC02.mp3
338,jacquacu,Spix's Guan,Penelope,https://xeno-canto.org/63842/download,Penejacq04.mp3
339,jacquacu,Spix's Guan,Penelope,https://xeno-canto.org/63840/download,Penejacq02.mp3
340,jacquacu,Spix's Guan,Penelope,https://xeno-canto.org/63839/download,Penejacq01b.mp3
341,jacquacu,Spix's Guan,Penelope,https://xeno-canto.org/59833/download,Disc 13 Track 14 Mystery 1380 Spixs Guan with Amazona.mp3
342,jacquacu,Spix's Guan,Penelope,https://xeno-canto.org/39794/download,penjac01.mp3
343,jacquacu,Spix's Guan,Penelope,https://xeno-canto.org/17656/download,Spixs Guan2008-1-5-2loud.mp3
344,jacquacu,Spix's Guan,Penelope,https://xeno-canto.org/11398/download,spguanEI.mp3
345,jacquacu,Spix's Guan,Penelope,https://xeno-canto.org/3786/download,2089/a09.mp3
346,jacquacu,Spix's Guan,Penelope,https://xeno-canto.org/2563/download,72/b17.mp3
347,jacquacu,Spix's Guan,Penelope,https://xeno-canto.org/693741/download,XC693741-LS_59389 Spix Guan call C Little Tinamou.mp3
348,jacquacu,Spix's Guan,Penelope,https://xeno-canto.org/450833/download,XC450833-LS100759 - Penelope jacquacu (call).mp3
349,jacquacu,Spix's Guan,Penelope,https://xeno-canto.org/329319/download,XC329319-Penelope jacquacu (wing sound and calls)XapuriAC230613.mp3
350,jacquacu,Spix's Guan,Penelope,https://xeno-canto.org/227402/download,XC227402-Marail Guan  905.mp3
351,jacquacu,Spix's Guan,Penelope,https://xeno-canto.org/170244/download,XC170244-Penelope jacquacu_Chupinguaia_1286.mp3
352,jacquacu,Spix's Guan,Penelope,https://xeno-canto.org/119624/download,XC119624-Penelope jacquacu_Tapaua_1248.MP3
353,jacquacu,Spix's Guan,Penelope,https://xeno-canto.org/117404/download,XC117404-20 Audio Track.mp3
354,jacquacu,Spix's Guan,Penelope,https://xeno-canto.org/37045/download,Spixs Guan.mp3
355,jacquacu,Spix's Guan,Penelope,https://xeno-canto.org/17655/download,Spixs Guan2008-1-5-1.mp3
356,jacquacu,Spix's Guan,Penelope,https://xeno-canto.org/3094/download,2370/05.mp3
357,jacquacu,Spix's Guan,Penelope,https://xeno-canto.org/731/download,DapAmepaucarillo14-8-96-40dot55.mp3
358,jacquacu,Spix's Guan,Penelope,https://xeno-canto.org/121/download,SpixsGuan-los2-4.mp3
359,jacquacu,Spix's Guan,Penelope,https://xeno-canto.org/119252/download,XC119252-Penelope jacquacu_JaciD.MP3
360,jacquacu,Spix's Guan,Penelope,https://xeno-canto.org/117971/download,XC117971-3 Audio Track.mp3
361,jacquacu,Spix's Guan,Penelope,https://xeno-canto.org/117387/download,XC117387-1 Audio Track.mp3
362,leucopogon,Spot-bellied Bobwhite,Colinus,https://xeno-canto.org/749258/download,XC749258-220424_0362 Spot bellied bobwhite.mp3
363,leucopogon,Spot-bellied Bobwhite,Colinus,https://xeno-canto.org/541717/download,XC541717-191020_2304 crbo a mebl xc Zamorano HN 20oct2019 by Oliver Komar.MP3
364,leucopogon,Spot-bellied Bobwhite,Colinus,https://xeno-canto.org/331539/download,XC331539-Crested Bobwhite (female-alarm)_ZamoranoCampus_18-8-16-0703.mp3
365,leucopogon,Spot-bellied Bobwhite,Colinus,https://xeno-canto.org/306624/download,XC306624-Colinus cristatus Laguna Metapán 24 feb 2016_1283.mp3
366,leucopogon,Spot-bellied Bobwhite,Colinus,https://xeno-canto.org/132726/download,XC132726-C cristatus 17 ago.mp3
367,leucopogon,Spot-bellied Bobwhite,Colinus,https://xeno-canto.org/10876/download,3a.mp3
368,leucopogon,Spot-bellied Bobwhite,Colinus,https://xeno-canto.org/749259/download,XC749259-220424_0361 Spot B bobwhite.mp3
369,leucopogon,Spot-bellied Bobwhite,Colinus,https://xeno-canto.org/370245/download,XC370245-TAPNAE.mp3
370,leucopogon,Spot-bellied Bobwhite,Colinus,https://xeno-canto.org/295602/download,XC295602-151215_1532 crested bobwhite.MP3
371,leucopogon,Spot-bellied Bobwhite,Colinus,https://xeno-canto.org/288264/download,XC288264-151031_1218 Crested bobwhite.MP3
372,leucopogon,Spot-bellied Bobwhite,Colinus,https://xeno-canto.org/252181/download,XC252181-VN800842 Colinus cristatus.mp3
373,leucopogon,Spot-bellied Bobwhite,Colinus,https://xeno-canto.org/252180/download,XC252180-VN800841 Colinus cristatus.mp3
374,leucopogon,Spot-bellied Bobwhite,Colinus,https://xeno-canto.org/234670/download,"XC234670-2015_04_07 1730 Crested Bobwhite, Res. Santa Monica, San Pedro Sula, HON.mp3"
375,leucopogon,Spot-bellied Bobwhite,Colinus,https://xeno-canto.org/234088/download,XC234088-Spot-bellied Bobwhite 02abr15 1803 01.mp3
376,leucopogon,Spot-bellied Bobwhite,Colinus,https://xeno-canto.org/189587/download,XC189587-Bobwhte.MP3
377,leucopogon,Spot-bellied Bobwhite,Colinus,https://xeno-canto.org/170575/download,XC170575-Bosques secos de Coyoles (Yoro) 22enero2014 audio por Oliver Komar  (1) Colinus cristatus Mimus gilvus.mp3
378,leucopogon,Spot-bellied Bobwhite,Colinus,https://xeno-canto.org/101730/download,Crested_Bobwhite_song_22MAY2012_Honduras.mp3
379,leucopogon,Spot-bellied Bobwhite,Colinus,https://xeno-canto.org/83994/download,COLCRI_22072011_Honduras_JohnvanDort.mp3
380,leucopogon,Spot-bellied Bobwhite,Colinus,https://xeno-canto.org/71572/download,Ccristatus_LSandoval.mp3
381,leucopogon,Spot-bellied Bobwhite,Colinus,https://xeno-canto.org/453800/download,XC453800-Crested Bobwhite (online-audio-converter.com).mp3
382,leucopogon,Spot-bellied Bobwhite,Colinus,https://xeno-canto.org/328005/download,XC328005-160720_010 crested bobwhite.MP3
383,leucopogon,Spot-bellied Bobwhite,Colinus,https://xeno-canto.org/287296/download,XC287296-151024_1170 crested bobwhite.MP3
384,leucopogon,Spot-bellied Bobwhite,Colinus,https://xeno-canto.org/101731/download,Crested_Bobwhite_agitated_calls_22MAY2012_Honduras1.mp3
385,leucopogon,Spot-bellied Bobwhite,Colinus,https://xeno-canto.org/7816/download,SpotbelliedBobwhite20060702M015.mp3
386,leucopogon,Spot-bellied Bobwhite,Colinus,https://xeno-canto.org/1032/download,SpotbelliedBobwhite2002072305.mp3
387,leucopogon,Spot-bellied Bobwhite,Colinus,https://xeno-canto.org/298925/download,XC298925-160109_1730.MP3
388,leucopogon,Spot-bellied Bobwhite,Colinus,https://xeno-canto.org/298922/download,XC298922-160109_1725.MP3
389,leucopogon,Spot-bellied Bobwhite,Colinus,https://xeno-canto.org/233984/download,XC233984-CrestedBobwhite-Surfside-Mar27-2015.mp3
390,capueira,Spot-winged Wood Quail,Odontophorus,https://xeno-canto.org/727645/download,XC727645-Spot_winged_Wood-quail_Itatiaia_Picos_1999_10_14.mp3
391,capueira,Spot-winged Wood Quail,Odontophorus,https://xeno-canto.org/714031/download,XC714031-F909 Odontophorus capueira(div songs)2021_11_07__Riviera_Bertioga_SP.mp3
392,capueira,Spot-winged Wood Quail,Odontophorus,https://xeno-canto.org/710427/download,XC710427-O. capueira Uruzú relev 1 muestra.mp3
393,capueira,Spot-winged Wood Quail,Odontophorus,https://xeno-canto.org/705859/download,XC705859-2852_Odontophoruws capueira (alarm calls)_SaoMiguel_190620_FIG.mp3
394,capueira,Spot-winged Wood Quail,Odontophorus,https://xeno-canto.org/666446/download,XC666446-XC1330_01.mp3
395,capueira,Spot-winged Wood Quail,Odontophorus,https://xeno-canto.org/594627/download,XC594627-odontophorus capueira_menor_mp3.mp3
396,capueira,Spot-winged Wood Quail,Odontophorus,https://xeno-canto.org/581412/download,XC581412-Odontophorus capueira _Serra Bonita_20200802-074609.mp3
397,capueira,Spot-winged Wood Quail,Odontophorus,https://xeno-canto.org/581411/download,XC581411-Odontophorus capueira_Serra Bonita_20200802-074242.mp3
398,capueira,Spot-winged Wood Quail,Odontophorus,https://xeno-canto.org/559657/download,XC559657-OdontcapTape25PY.mp3
399,capueira,Spot-winged Wood Quail,Odontophorus,https://xeno-canto.org/427716/download,XC427716-Odontophorus capueira plumbeicollis-Caio Brito-(Guaramiranga-CE)-BRITO1982.mp3
400,capueira,Spot-winged Wood Quail,Odontophorus,https://xeno-canto.org/426153/download,XC426153-o. capueira.mp3
401,capueira,Spot-winged Wood Quail,Odontophorus,https://xeno-canto.org/379295/download,XC379295-OdocapMbXA 10.55- Alarm.mp3
402,capueira,Spot-winged Wood Quail,Odontophorus,https://xeno-canto.org/347713/download,XC347713-Odontophorus_capueira_Itanhaem_SP_22_Dec_2016_song_RSS.mp3
403,capueira,Spot-winged Wood Quail,Odontophorus,https://xeno-canto.org/347623/download,XC347623-Odontophorus_capueira_Itanhaem_SP_22_Dec_2016_calls_RSS.mp3
404,capueira,Spot-winged Wood Quail,Odontophorus,https://xeno-canto.org/340065/download,XC340065-HJCP030.mp3
405,capueira,Spot-winged Wood Quail,Odontophorus,https://xeno-canto.org/287755/download,"XC287755-Spot-winged Wood-Quail, 28.10., song.mp3"
406,capueira,Spot-winged Wood Quail,Odontophorus,https://xeno-canto.org/207578/download,XC207578-Spot-winged wood-quail_Ititaria_NP_Dreyer.mp3
407,capueira,Spot-winged Wood Quail,Odontophorus,https://xeno-canto.org/46629/download,Odontophorus capueira_Guaramiranga_09_IV_2010_CA.mp3
408,capueira,Spot-winged Wood Quail,Odontophorus,https://xeno-canto.org/43015/download,232_Odontophorus capueira_Guaramiranga_15_I_10_Ciro Albano.mp3
409,capueira,Spot-winged Wood Quail,Odontophorus,https://xeno-canto.org/789746/download,XC789746-Uru.wav
410,capueira,Spot-winged Wood Quail,Odontophorus,https://xeno-canto.org/581710/download,XC581710-Odon_guja_2020_08_08_piraquara.mp3
411,capueira,Spot-winged Wood Quail,Odontophorus,https://xeno-canto.org/550490/download,XC550490-200425_0186.mp3
412,capueira,Spot-winged Wood Quail,Odontophorus,https://xeno-canto.org/549357/download,XC549357-0100 BLL532-22y23 Odontophorus capueira.mp3
413,capueira,Spot-winged Wood Quail,Odontophorus,https://xeno-canto.org/499686/download,XC499686-CHLNA 000005__Odontophorus capueira.mp3
414,capueira,Spot-winged Wood Quail,Odontophorus,https://xeno-canto.org/484286/download,XC484286-OdontocapTapeMono43resEsmeralda2004.mp3
415,capueira,Spot-winged Wood Quail,Odontophorus,https://xeno-canto.org/389195/download,XC389195-Odontophorus capueura-Felipe Arantes.mp3
416,capueira,Spot-winged Wood Quail,Odontophorus,https://xeno-canto.org/344420/download,XC344420-Odontophorus capueira.mp3
417,capueira,Spot-winged Wood Quail,Odontophorus,https://xeno-canto.org/299155/download,XC299155-189 Odontophorus capueira (natural song))FazIbiti_ItararéSP020911.mp3
418,capueira,Spot-winged Wood Quail,Odontophorus,https://xeno-canto.org/294758/download,XC294758-Odontophoridae_Odontophorus_capueira_04_03_2015_H08_47_Doutor_Pedrinho.mp3
419,capueira,Spot-winged Wood Quail,Odontophorus,https://xeno-canto.org/286492/download,XC286492-Odontophorus_capueira-1673240.mp3
420,capueira,Spot-winged Wood Quail,Odontophorus,https://xeno-canto.org/285533/download,XC285533-Odontophorus capueira_Paraibuna_1927.mp3
421,capueira,Spot-winged Wood Quail,Odontophorus,https://xeno-canto.org/226848/download,XC226848-Spot-winged Wood-Quail B 1086.mp3
422,capueira,Spot-winged Wood Quail,Odontophorus,https://xeno-canto.org/226847/download,XC226847-Spot-winged Wood-Quail B 1085.mp3
423,capueira,Spot-winged Wood Quail,Odontophorus,https://xeno-canto.org/226846/download,XC226846-Spot-winged Wood-Quail B 1084.mp3
424,capueira,Spot-winged Wood Quail,Odontophorus,https://xeno-canto.org/215642/download,"XC215642-Spot-winged Wood-Quail (song, Brazil, Serra de Baturite, aug2011, 1).MP3"
425,capueira,Spot-winged Wood Quail,Odontophorus,https://xeno-canto.org/207019/download,XC207019-Odontophorus capueira_CAMPO JONAS.mp3
426,capueira,Spot-winged Wood Quail,Odontophorus,https://xeno-canto.org/187445/download,XC187445-Odontophorus capueira 29 07 10.mp3
427,capueira,Spot-winged Wood Quail,Odontophorus,https://xeno-canto.org/158871/download,XC158871-Odontophorus capueira.mp3
428,capueira,Spot-winged Wood Quail,Odontophorus,https://xeno-canto.org/144788/download,XC144788-Odontophorus-capueira-BarreirinhoEEJureiaSP-BR14-11-08-ASilveira.mp3
429,capueira,Spot-winged Wood Quail,Odontophorus,https://xeno-canto.org/98817/download,1209_065740_Odontophorus_capueira_Anita_Garibaldi.mp3
430,capueira,Spot-winged Wood Quail,Odontophorus,https://xeno-canto.org/64454/download,Odontophorus_capoeira_GNB04092010_1715.mp3
431,capueira,Spot-winged Wood Quail,Odontophorus,https://xeno-canto.org/61062/download,WOOD-QUAIL Spot-winged_06_PP Cruce Caballero_Misiones_AR_15DIC89_Miguel Castelino.mp3
432,capueira,Spot-winged Wood Quail,Odontophorus,https://xeno-canto.org/61061/download,WOOD-QUAIL Spot-winged_04_PP Cruce Caballero_Misiones_AR_14DIC89_Miguel Castelino.mp3
433,capueira,Spot-winged Wood Quail,Odontophorus,https://xeno-canto.org/55960/download,WOOD-QUAIL Spot-winged_01_Retiro Sapucai_Caaguazu_PY_22NOV02_Myriam Velazquez.mp3
434,capueira,Spot-winged Wood Quail,Odontophorus,https://xeno-canto.org/52614/download,WOOD-QUAIL Spot-winged_08_PN Itatiaia-Hotel Simon_Rio de Janeiro_BR_25FEB04_B Lopez-Lanus.mp3
435,capueira,Spot-winged Wood Quail,Odontophorus,https://xeno-canto.org/52613/download,WOOD-QUAIL Spot-winged_07_PN Itatiaia-Hotel Simon_Rio de Janeiro_BR_25FEB04_B Lopez-Lanus.mp3
436,capueira,Spot-winged Wood Quail,Odontophorus,https://xeno-canto.org/52612/download,WOOD-QUAIL Spot-winged_05_PN Itatiaia-Hotel Simon_Rio de Janeiro_BR_25FEB04_B Lopez-Lanus.mp3
437,capueira,Spot-winged Wood Quail,Odontophorus,https://xeno-canto.org/50128/download,WOOD-QUAIL Spot-winged_02_San Pedro Mi_Itapua_PY_5OCT01_Rosendo Fraga.mp3
438,capueira,Spot-winged Wood Quail,Odontophorus,https://xeno-canto.org/7355/download,uru.mp3
439,capueira,Spot-winged Wood Quail,Odontophorus,https://xeno-canto.org/4720/download,232_Odontophorus capueira_F25_Pacoti_03_IX_2005_Ciro Albano.mp3
440,capueira,Spot-winged Wood Quail,Odontophorus,https://xeno-canto.org/786519/download,XC786519-recording-20230311-185153-Uru.mp3
441,capueira,Spot-winged Wood Quail,Odontophorus,https://xeno-canto.org/581413/download,XC581413-Odontophorus_capueira-1404277.mp3
442,capueira,Spot-winged Wood Quail,Odontophorus,https://xeno-canto.org/522073/download,XC522073-Jaguar Panthera onca Grabacion acortada IIb BLL512 Misiones 10OCT2019.mp3
443,capueira,Spot-winged Wood Quail,Odontophorus,https://xeno-canto.org/435698/download,XC435698-Uru (Odontophorus capueira-OK)TUC 8-9 18e15.mp3
444,capueira,Spot-winged Wood Quail,Odontophorus,https://xeno-canto.org/435690/download,XC435690-Uru2 (Odontophorus capueira-OK)  12-9 8e15.mp3
445,capueira,Spot-winged Wood Quail,Odontophorus,https://xeno-canto.org/422910/download,XC422910-2312 Odontophorus capueira (song in r pb)Sucupira_SCCabraliaBA_200917_FIG.mp3
446,capueira,Spot-winged Wood Quail,Odontophorus,https://xeno-canto.org/422740/download,XC422740-2113 Odontophorus capueira (song in resp pb)Sucupira_Veracel_BA_140517_FIG.mp3
447,capueira,Spot-winged Wood Quail,Odontophorus,https://xeno-canto.org/353543/download,"XC353543-Odontophorus capueira capueira (Spix, 1825).mp3"
448,capueira,Spot-winged Wood Quail,Odontophorus,https://xeno-canto.org/340248/download,XC340248-ODOCAP13.mp3
449,capueira,Spot-winged Wood Quail,Odontophorus,https://xeno-canto.org/299146/download,XC299146-180 Odontophorus capueira (canto) FazIbiti_ItararéSP030911.mp3
450,capueira,Spot-winged Wood Quail,Odontophorus,https://xeno-canto.org/293172/download,XC293172-o_capueira_alyne_cmd_1.mp3
451,capueira,Spot-winged Wood Quail,Odontophorus,https://xeno-canto.org/181376/download,XC181376-Odontophorus capueira_AGUAÍ.mp3
452,capueira,Spot-winged Wood Quail,Odontophorus,https://xeno-canto.org/161840/download,XC161840-Odontophorus capoeira.mp3
453,capueira,Spot-winged Wood Quail,Odontophorus,https://xeno-canto.org/68884/download,Odontophorus_capueira_1993a-FRL_BR_14_2066-2100_1_C.mp3
454,capueira,Spot-winged Wood Quail,Odontophorus,https://xeno-canto.org/61637/download,WOODQUAILSpotWinged-FL REGUA 28Aug06 .mp3
455,capueira,Spot-winged Wood Quail,Odontophorus,https://xeno-canto.org/58288/download,Odontophorus capueira CALL1_Trilha Tres Picos_PN Itatiaia_Rio de Janeiro_Brasil_24FEB2004 am c_Bernabe Lopez-Lanus.mp3
456,capueira,Spot-winged Wood Quail,Odontophorus,https://xeno-canto.org/40892/download,MOV00020.mp3
457,capueira,Spot-winged Wood Quail,Odontophorus,https://xeno-canto.org/24516/download,Odonthophorus capueira_REBIO SASSAFRAS_Doutor Pedrinho_SC_25-VIII-2007.mp3
458,capueira,Spot-winged Wood Quail,Odontophorus,https://xeno-canto.org/14361/download,Odontophoruscapueriacontact.mp3
459,capueira,Spot-winged Wood Quail,Odontophorus,https://xeno-canto.org/14360/download,Odontophoruscapueria.mp3
460,capueira,Spot-winged Wood Quail,Odontophorus,https://xeno-canto.org/421876/download,XC421876-2021 Odontophorus capueira (2 dif songs)SaoMiguel_071016_FIG.mp3
461,capueira,Spot-winged Wood Quail,Odontophorus,https://xeno-canto.org/256518/download,XC256518-Odontophorus capueira.mp3
462,capueira,Spot-winged Wood Quail,Odontophorus,https://xeno-canto.org/226849/download,XC226849-Spot-winged Wood-Quail D 1083.mp3
463,capueira,Spot-winged Wood Quail,Odontophorus,https://xeno-canto.org/109501/download,Odontophorus-capoeira-PNItatRJ-Brazil6-9-93-ASilveira.mp3
464,capueira,Spot-winged Wood Quail,Odontophorus,https://xeno-canto.org/58289/download,Odontophorus capueira CALL2_Trilha Tres Picos_PN Itatiaia_Rio de Janeiro_Brasil_24FEB2004 am d_Bernabe Lopez-Lanus.mp3
465,capueira,Spot-winged Wood Quail,Odontophorus,https://xeno-canto.org/35850/download,Uru capoeira.mp3
466,guttatus,Spotted Wood Quail,Odontophorus,https://xeno-canto.org/729941/download,XC729941-220406_0081 Spotted wood Quail.mp3
467,guttatus,Spotted Wood Quail,Odontophorus,https://xeno-canto.org/729940/download,XC729940-220406_0078 Spotted wood Quail.mp3
468,guttatus,Spotted Wood Quail,Odontophorus,https://xeno-canto.org/729939/download,XC729939-220406_0080 Spotted wood Quail.mp3
469,guttatus,Spotted Wood Quail,Odontophorus,https://xeno-canto.org/729937/download,XC729937-22040679 Spotted wood quail.mp3
470,guttatus,Spotted Wood Quail,Odontophorus,https://xeno-canto.org/552505/download,XC552505-Odontophorus guttatus.mp3
471,guttatus,Spotted Wood Quail,Odontophorus,https://xeno-canto.org/518503/download,"XC518503-Spotted Wood Quail (song, Costa Rica, CM Savegre Valley, feb2019, 1).mp3"
472,guttatus,Spotted Wood Quail,Odontophorus,https://xeno-canto.org/384140/download,XC384140-170819_005 spotted woood quail.MP3
473,guttatus,Spotted Wood Quail,Odontophorus,https://xeno-canto.org/329706/download,XC329706-160730_023.MP3
474,guttatus,Spotted Wood Quail,Odontophorus,https://xeno-canto.org/271463/download,XC271463-LS_57582 spotted Woodquail duet song.mp3
475,guttatus,Spotted Wood Quail,Odontophorus,https://xeno-canto.org/271462/download,XC271462-LS_57580 Spotted Woodquail duet song.mp3
476,guttatus,Spotted Wood Quail,Odontophorus,https://xeno-canto.org/119778/download,XC119778-Spotted-Wood-Quail-Savegre-Pritam-Baruah.mp3
477,guttatus,Spotted Wood Quail,Odontophorus,https://xeno-canto.org/107774/download,Spotted Woodquail_ PA_ Los Quetzales Trail_ c2500m asl_ 120307_ 12sec.mp3
478,guttatus,Spotted Wood Quail,Odontophorus,https://xeno-canto.org/72487/download,Spotted Wood-Quail2011-2-9-3.mp3
479,guttatus,Spotted Wood Quail,Odontophorus,https://xeno-canto.org/72486/download,Spotted Wood-Quail2011-2-9-4.mp3
480,guttatus,Spotted Wood Quail,Odontophorus,https://xeno-canto.org/72485/download,Spotted Wood-Quail2011-2-9-2.mp3
481,guttatus,Spotted Wood Quail,Odontophorus,https://xeno-canto.org/31859/download,Wood-quail2009-3-22-2.mp3
482,guttatus,Spotted Wood Quail,Odontophorus,https://xeno-canto.org/31858/download,Wood-quail2009-3-22-1part1.mp3
483,guttatus,Spotted Wood Quail,Odontophorus,https://xeno-canto.org/411701/download,XC411701-Odontophorus_guttatus-FL X call Savergre Hotel 15Dec16 6.54am LS111559b.mp3
484,guttatus,Spotted Wood Quail,Odontophorus,https://xeno-canto.org/271465/download,XC271465-LS_57597 Spotted Woodquail single si.mp3
485,guttatus,Spotted Wood Quail,Odontophorus,https://xeno-canto.org/271460/download,XC271460-LS_57542 Spotetd Woodquail call B.mp3
486,guttatus,Spotted Wood Quail,Odontophorus,https://xeno-canto.org/271459/download,XC271459-LS_57539 Spotted Woodquail song sing.mp3
487,guttatus,Spotted Wood Quail,Odontophorus,https://xeno-canto.org/271458/download,XC271458-LS_57534 Spotted Woodquail B.mp3
488,guttatus,Spotted Wood Quail,Odontophorus,https://xeno-canto.org/269102/download,XC269102-150808_0615  spotted wood quail.MP3
489,guttatus,Spotted Wood Quail,Odontophorus,https://xeno-canto.org/226871/download,XC226871-Spotted Wood-Quail B 1122.mp3
490,guttatus,Spotted Wood Quail,Odontophorus,https://xeno-canto.org/226870/download,XC226870-Spotted Wood-Quail B 1121.mp3
491,guttatus,Spotted Wood Quail,Odontophorus,https://xeno-canto.org/226869/download,XC226869-Spotted Wood-Quail B 1120.mp3
492,guttatus,Spotted Wood Quail,Odontophorus,https://xeno-canto.org/226868/download,XC226868-Spotted Wood-Quail B 1119.mp3
493,guttatus,Spotted Wood Quail,Odontophorus,https://xeno-canto.org/226867/download,XC226867-Spotted Wood-Quail B 1114.mp3
494,guttatus,Spotted Wood Quail,Odontophorus,https://xeno-canto.org/226866/download,XC226866-Spotted Wood-Quail B 1111.mp3
495,guttatus,Spotted Wood Quail,Odontophorus,https://xeno-canto.org/226865/download,XC226865-Spotted Wood-Quail A 1123.mp3
496,guttatus,Spotted Wood Quail,Odontophorus,https://xeno-canto.org/185742/download,XC185742-Odogut_SDR_0617.mp3
497,guttatus,Spotted Wood Quail,Odontophorus,https://xeno-canto.org/185121/download,XC185121-Odogut_SDR_0505.mp3
498,guttatus,Spotted Wood Quail,Odontophorus,https://xeno-canto.org/185120/download,XC185120-Odogut_SDR_0503.mp3
499,guttatus,Spotted Wood Quail,Odontophorus,https://xeno-canto.org/126208/download,XC126208-Spotted Wood QuailGM1.mp3
